{"services":[{"serviceType":"changeBuleColor","description":"获取灯光颜色，且可以改变灯光颜色","commands":[{"commandName":"CHANGE_COLOR","paras":[],"responses":[{"responseName":"cmdResponses","paras":[{"paraName":"changeColor","dataType":"int","required":true,"min":"0","max":"3","step":0.0,"maxLength":0,"unit":null,"enumList":null}]}]}],"properties":[{"propertyName":"color","dataType":"int","required":true,"min":"0","max":"3","step":0.0,"maxLength":0,"method":"RE","unit":null,"enumList":null}],"events":[]}]}